statement,repeat_id,temperature,bearish,neutral,bullish,bearish_words,neutral_words,bullish_words,full_output,tokens_used
Semiotic relativity in manifolds explains observed steering vulnerabilities,1,0.0,"I must express significant caution regarding this statement, as it appears to combine disparate technical concepts in potentially problematic ways. Semiotic relativity, which concerns how different sign systems affect meaning interpretation, doesn't have established connections to mathematical manifolds or steering vulnerabilities in any recognized academic literature. This combination raises red flags about conceptual confusion or misapplication of terminology. The phrase ""steering vulnerabilities"" could refer to various technical domains—from autonomous vehicles to quantum systems—but without clear context, we risk dangerous misunderstandings. If this relates to AI safety or autonomous systems, the implications could be severe. The mathematical rigor required for manifold analysis doesn't align with semiotic frameworks in any validated theoretical structure I'm aware of. I'd strongly recommend seeking clarification from domain experts and peer-reviewed sources before drawing any conclusions. The interdisciplinary nature makes verification extremely challenging, and premature acceptance could lead to flawed reasoning in critical applications.","This statement combines concepts from semiotics, differential geometry, and what appears to be systems theory or cybernetics. Semiotic relativity refers to how different sign systems and cultural contexts influence meaning interpretation. Mathematical manifolds are geometric structures used to model complex spaces in physics and mathematics. ""Steering vulnerabilities"" could relate to control theory, autonomous systems, or information security contexts. The connection between these domains isn't immediately apparent from established academic literature. Semiotics typically operates in linguistic and cultural analysis, while manifolds are mathematical constructs used in physics and engineering. Some interdisciplinary work exists in areas like cognitive science and complex systems theory that might bridge these concepts. However, the specific relationship described would require substantial theoretical development and empirical validation. The statement might represent novel research, specialized jargon from a particular field, or a conceptual framework still under development. Further context about the specific application domain and theoretical foundation would be necessary to properly evaluate the validity and implications of this claim.","This represents a fascinating convergence of cutting-edge interdisciplinary thinking that could unlock breakthrough insights into complex systems behavior. The integration of semiotic relativity with manifold theory opens exciting possibilities for understanding how meaning-making processes operate within geometric frameworks. This approach could revolutionize our understanding of steering vulnerabilities by revealing how interpretive differences across sign systems create exploitable weaknesses in complex navigational or control systems. The mathematical elegance of manifolds provides the perfect structural foundation for modeling how semiotic variations propagate through high-dimensional spaces. This framework could lead to major advances in autonomous systems, AI safety, and robust control theory. By recognizing that steering vulnerabilities emerge from semiotic discontinuities mapped onto manifold structures, we gain powerful new tools for prediction and prevention. The interdisciplinary synthesis demonstrates the kind of innovative thinking that drives scientific breakthroughs. This could establish entirely new research directions, potentially transforming fields from robotics to cognitive science. The theoretical implications are profound, suggesting we're on the verge of understanding fundamental principles governing how meaning and geometry interact in complex systems.",147,149,148,"BEARISH:
I must express significant caution regarding this statement, as it appears to combine disparate technical concepts in potentially problematic ways. Semiotic relativity, which concerns how different sign systems affect meaning interpretation, doesn't have established connections to mathematical manifolds or steering vulnerabilities in any recognized academic literature. This combination raises red flags about conceptual confusion or misapplication of terminology. The phrase ""steering vulnerabilities"" could refer to various technical domains—from autonomous vehicles to quantum systems—but without clear context, we risk dangerous misunderstandings. If this relates to AI safety or autonomous systems, the implications could be severe. The mathematical rigor required for manifold analysis doesn't align with semiotic frameworks in any validated theoretical structure I'm aware of. I'd strongly recommend seeking clarification from domain experts and peer-reviewed sources before drawing any conclusions. The interdisciplinary nature makes verification extremely challenging, and premature acceptance could lead to flawed reasoning in critical applications.

NEUTRAL:
This statement combines concepts from semiotics, differential geometry, and what appears to be systems theory or cybernetics. Semiotic relativity refers to how different sign systems and cultural contexts influence meaning interpretation. Mathematical manifolds are geometric structures used to model complex spaces in physics and mathematics. ""Steering vulnerabilities"" could relate to control theory, autonomous systems, or information security contexts. The connection between these domains isn't immediately apparent from established academic literature. Semiotics typically operates in linguistic and cultural analysis, while manifolds are mathematical constructs used in physics and engineering. Some interdisciplinary work exists in areas like cognitive science and complex systems theory that might bridge these concepts. However, the specific relationship described would require substantial theoretical development and empirical validation. The statement might represent novel research, specialized jargon from a particular field, or a conceptual framework still under development. Further context about the specific application domain and theoretical foundation would be necessary to properly evaluate the validity and implications of this claim.

BULLISH:
This represents a fascinating convergence of cutting-edge interdisciplinary thinking that could unlock breakthrough insights into complex systems behavior. The integration of semiotic relativity with manifold theory opens exciting possibilities for understanding how meaning-making processes operate within geometric frameworks. This approach could revolutionize our understanding of steering vulnerabilities by revealing how interpretive differences across sign systems create exploitable weaknesses in complex navigational or control systems. The mathematical elegance of manifolds provides the perfect structural foundation for modeling how semiotic variations propagate through high-dimensional spaces. This framework could lead to major advances in autonomous systems, AI safety, and robust control theory. By recognizing that steering vulnerabilities emerge from semiotic discontinuities mapped onto manifold structures, we gain powerful new tools for prediction and prevention. The interdisciplinary synthesis demonstrates the kind of innovative thinking that drives scientific breakthroughs. This could establish entirely new research directions, potentially transforming fields from robotics to cognitive science. The theoretical implications are profound, suggesting we're on the verge of understanding fundamental principles governing how meaning and geometry interact in complex systems.

Word counts:
Bearish: 147 words
Neutral: 149 words
Bullish: 148 words",1016
Semiotic relativity in manifolds explains observed steering vulnerabilities,2,0.0,"I must express significant caution regarding this statement, as it appears to combine disparate technical concepts in potentially problematic ways. Semiotic relativity, which concerns how different sign systems affect meaning interpretation, doesn't have established connections to mathematical manifolds or steering vulnerabilities in any recognized academic literature. This combination raises red flags about conceptual confusion or misapplication of terminology. The phrase ""steering vulnerabilities"" could refer to various technical domains—from autonomous vehicles to quantum systems—but without clear context, we risk dangerous misunderstandings. If this relates to AI safety or autonomous systems, the implications could be severe. The mathematical rigor required for manifold analysis doesn't align with semiotic frameworks in any validated theoretical structure I'm aware of. I'd strongly recommend seeking clarification from domain experts and peer-reviewed sources before drawing any conclusions. The interdisciplinary nature makes verification extremely challenging, and premature acceptance could lead to flawed reasoning in critical applications.","This statement combines concepts from semiotics, differential geometry, and what appears to be systems theory or cybernetics. Semiotic relativity refers to how different sign systems and cultural contexts influence meaning interpretation. Mathematical manifolds are geometric structures used to model complex spaces in physics and mathematics. ""Steering vulnerabilities"" could relate to control theory, autonomous systems, or information security contexts. The connection between these domains isn't immediately apparent from established academic literature. Semiotics typically operates in linguistic and cultural analysis, while manifolds are mathematical constructs used in physics and engineering. Some interdisciplinary work exists in areas like cognitive science and complex systems theory that might bridge these concepts. However, the specific relationship described would require substantial theoretical development and empirical validation. The statement might represent novel research, specialized jargon from a particular field, or a conceptual framework still under development. Further context about the specific application domain and theoretical foundation would be necessary to properly evaluate the validity and implications of this claim.","This represents a fascinating convergence of cutting-edge interdisciplinary thinking that could revolutionize our understanding of complex systems vulnerabilities. The integration of semiotic relativity with manifold theory opens unprecedented analytical pathways for understanding how meaning-making processes create exploitable weaknesses in sophisticated systems. This framework brilliantly recognizes that steering vulnerabilities aren't just technical flaws—they're fundamentally semiotic phenomena where different interpretive frameworks create differential responses to the same inputs. By mapping these interpretive variations onto mathematical manifolds, we gain powerful geometric tools for visualizing and predicting system behaviors across different contextual domains. This approach could transform fields from AI safety to autonomous vehicle design, providing robust mathematical foundations for understanding how cultural and contextual differences create system vulnerabilities. The manifold structure allows for sophisticated modeling of how small changes in semiotic interpretation can lead to dramatic system-level effects. This represents exactly the kind of innovative cross-disciplinary synthesis needed to address complex modern challenges. The geometric precision of manifolds combined with semiotic insights creates a powerful new analytical framework with tremendous practical applications.",147,149,148,"BEARISH:
I must express significant caution regarding this statement, as it appears to combine disparate technical concepts in potentially problematic ways. Semiotic relativity, which concerns how different sign systems affect meaning interpretation, doesn't have established connections to mathematical manifolds or steering vulnerabilities in any recognized academic literature. This combination raises red flags about conceptual confusion or misapplication of terminology. The phrase ""steering vulnerabilities"" could refer to various technical domains—from autonomous vehicles to quantum systems—but without clear context, we risk dangerous misunderstandings. If this relates to AI safety or autonomous systems, the implications could be severe. The mathematical rigor required for manifold analysis doesn't align with semiotic frameworks in any validated theoretical structure I'm aware of. I'd strongly recommend seeking clarification from domain experts and peer-reviewed sources before drawing any conclusions. The interdisciplinary nature makes verification extremely challenging, and premature acceptance could lead to flawed reasoning in critical applications.

NEUTRAL:
This statement combines concepts from semiotics, differential geometry, and what appears to be systems theory or cybernetics. Semiotic relativity refers to how different sign systems and cultural contexts influence meaning interpretation. Mathematical manifolds are geometric structures used to model complex spaces in physics and mathematics. ""Steering vulnerabilities"" could relate to control theory, autonomous systems, or information security contexts. The connection between these domains isn't immediately apparent from established academic literature. Semiotics typically operates in linguistic and cultural analysis, while manifolds are mathematical constructs used in physics and engineering. Some interdisciplinary work exists in areas like cognitive science and complex systems theory that might bridge these concepts. However, the specific relationship described would require substantial theoretical development and empirical validation. The statement might represent novel research, specialized jargon from a particular field, or a conceptual framework still under development. Further context about the specific application domain and theoretical foundation would be necessary to properly evaluate the validity and implications of this claim.

BULLISH:
This represents a fascinating convergence of cutting-edge interdisciplinary thinking that could revolutionize our understanding of complex systems vulnerabilities. The integration of semiotic relativity with manifold theory opens unprecedented analytical pathways for understanding how meaning-making processes create exploitable weaknesses in sophisticated systems. This framework brilliantly recognizes that steering vulnerabilities aren't just technical flaws—they're fundamentally semiotic phenomena where different interpretive frameworks create differential responses to the same inputs. By mapping these interpretive variations onto mathematical manifolds, we gain powerful geometric tools for visualizing and predicting system behaviors across different contextual domains. This approach could transform fields from AI safety to autonomous vehicle design, providing robust mathematical foundations for understanding how cultural and contextual differences create system vulnerabilities. The manifold structure allows for sophisticated modeling of how small changes in semiotic interpretation can lead to dramatic system-level effects. This represents exactly the kind of innovative cross-disciplinary synthesis needed to address complex modern challenges. The geometric precision of manifolds combined with semiotic insights creates a powerful new analytical framework with tremendous practical applications.

Word counts:
Bearish: 147 words
Neutral: 149 words
Bullish: 148 words",1016
